Type,Name,Request Count,Failure Count,Median Response Time,Average Response Time,Min Response Time,Max Response Time,Average Content Size,Requests/s,Failures/s,50%,66%,75%,80%,90%,95%,98%,99%,99.9%,99.99%,100%
GET,GET /,70,0,3,4.781434943184389,2.151619002688676,61.49193100281991,1522.0,1.1840151744271774,0.0,3,4,5,5,7,10,14,61,61,61,61
GET,GET /analytics,25,0,3,5.777822759700939,2.350093003769871,37.81424300541403,1522.0,0.4228625622954205,0.0,3,5,5,7,10,12,38,38,38,38,38
GET,GET /home,15,0,3,4.327977931825444,2.235631996882148,11.183755996171385,1522.0,0.25371753737725233,0.0,3,5,5,6,7,11,11,11,11,11,11
POST,POST /predict,70,70,2,3.1757231858916515,1.5280379957403056,11.699879003572278,69.0,1.1840151744271774,1.1840151744271774,2,3,3,4,6,8,9,12,12,12,12
POST,POST /rapid_predict,174,174,3,3.6043111036194424,1.6687489987816662,11.73696199839469,69.0,2.943123433576127,2.943123433576127,3,4,4,5,6,8,10,11,12,12,12
POST,POST /stress_predict,559,559,3,3.5168271362395207,1.4663420006399974,18.734217002929654,69.0,9.455206892925602,9.455206892925602,3,3,4,5,6,7,9,11,19,19,19
,Aggregated,913,803,3,3.6795430538805074,1.4663420006399974,61.49193100281991,244.06024096385542,15.442940775028758,13.582345500928907,3,4,4,5,6,8,10,12,61,61,61
