Type,Name,Request Count,Failure Count,Median Response Time,Average Response Time,Min Response Time,Max Response Time,Average Content Size,Requests/s,Failures/s,50%,66%,75%,80%,90%,95%,98%,99%,99.9%,99.99%,100%
GET,/analytics,33,33,2,6.188743788339762,1.0446219966979697,90.67593600047985,0.0,0.3699902449752288,0.3699902449752288,2,2,3,4,5,43,91,91,91,91,91
GET,/health,172,172,2,3.0540903954229286,0.8022150068427436,86.2401799968211,0.0,1.9284340041133137,1.9284340041133137,2,2,2,3,3,4,10,83,86,86,86
POST,/predict,1201,1201,2,2.168804711013661,0.8192669993150048,77.41840200469596,0.0,13.465402551977267,13.465402551977267,2,2,2,3,3,4,5,6,74,77,77
,Aggregated,1406,1406,2,2.3714555838942837,0.8022150068427436,90.67593600047985,0.0,15.76382680106581,15.76382680106581,2,2,2,3,3,4,6,8,86,91,91
